word,log_odds
and,3.4594316186372973
requires,2.321928094887362
research,2.321928094887362
this,2.321928094887362
to,2.321928094887362
analysis,2.321928094887362
human,2.321928094887362
of,0.8479969065549499
the,0.4854268271702419
